lob,lob명,청구항목id,청구항목명,단위서비스id,단위서비스명,요금유형코드,최소시작일자,최소종료일자,기준월,m3월회선수,m2월회선수,m1월회선수,m3arpu,m2arpu,m1arpu,m3청구금액,m2청구금액,m1청구금액,m3요청금액,m2요청금액,m1요청금액,m3할인금액,m2할인금액,m1할인금액,m3신규회선수,m2신규회선수,m1신규회선수,m3해지회선수,m2해지회선수,m1해지회선수
BC,방송서비스,BI0001,5G 프리미엄 월정액,US0001,DATA001,R008,20250401,20250630,2025-06-01,2633,2523,2517,78474.06,75242.85,90094.39,206622202,189837702,226767579,217528462,188107063,225935674,2631617,11261386,6976673,91,65,126,62,72,75
MB,모바일,BI0002,컬러링 서비스,US0002,ADDON001,R008,20250401,20250630,2025-06-01,927,887,1032,3044.55,2857.36,2836.57,2822298,2534479,7295563,2952800,2713137,7628356,131899,160705,422299,21,23,29,8,5,7
MB,모바일,BI0003,로밍 데이터 사용료,US0003,ROAM001,R002,20250401,20250630,2025-06-01,162,172,160,28954.41,28345.12,32498.36,4690614,4875360,11382384,4969342,4812358,11337610,22081,223095,325979,3,2,3,6,6,8
FX,유선,BI0004,번호이동 서비스,US0004,PORT001,R006,20250401,20250630,2025-06-01,412,407,438,4074.65,3913.64,4142.44,1678756,1592851,1814390,1714724,1744965,1932034,82326,108196,32985,13,16,18,8,10,9
MB,모바일,BI0005,통화녹음 서비스,US0005,ADDON005,R005,20250401,20250630,2025-06-01,1202,1280,1271,2295.62,2469.4,2638.0,2759332,3160836,3352903,2716979,3291334,3326496,163407,31763,139148,28,25,27,14,15,10
EN,기업솔루션,BI0006,VPN 서비스 월정액,US0006,VPN001,R006,20250401,20250630,2025-06-01,986,923,937,93284.93,81954.27,86217.04,91978938,75643788,80785362,98884885,80262218,80331104,3595256,4739156,4148431,33,27,45,28,25,25
IS,인터넷서비스,BI0007,MMS 사용료,US0007,MSG002,R002,20250401,20250630,2025-06-01,814,758,886,6459.01,6720.23,6377.74,5257638,5093934,5650674,5593146,5055814,6264310,260736,19364,356367,20,25,26,7,4,9
IS,인터넷서비스,BI0008,번호이동 서비스,US0008,PORT001,R002,20250401,20250630,2025-06-01,594,591,590,3938.56,3652.12,3824.48,2339504,2158400,2256440,2410506,2210019,2364351,51450,158366,23513,21,20,22,11,8,7
FX,유선,BI0009,모니터링 서비스,US0009,MON001,R007,20250401,20250630,2025-06-01,533,567,582,6383.3,5771.6,5900.44,3402301,3272495,3434053,3624540,3646673,3493309,14955,6406,34788,24,22,28,20,26,23
MB,모바일,BI0010,재난안전 서비스,US0010,EMRG001,R003,20250401,20250630,2025-06-01,890,843,944,5817.45,5852.52,6086.12,5177529,4933671,12384439,5347751,5402011,12895455,212412,53495,837627,19,13,19,22,18,17
FX,유선,BI0011,스마트 워치 월정액,US0011,IOT001,R007,20250401,20250630,2025-06-01,844,867,924,2860.38,3149.15,2984.95,2414158,2730310,2758091,2637276,3028585,2992692,44098,147901,100258,23,20,22,13,13,16
EN,기업솔루션,BI0012,택시 호출 서비스,US0012,TAXI001,R004,20250401,20250630,2025-06-01,1031,1043,1118,3036.81,3084.62,3148.51,3130949,3217259,3520034,3106705,3373620,3680143,199235,202242,172290,44,56,55,22,26,28
EN,기업솔루션,BI0013,스마트 워치 월정액,US0013,IOT001,R003,20250401,20250630,2025-06-01,757,794,835,4669.83,4784.26,4489.1,3535057,3798699,3748402,3852094,3816948,3990566,214545,88525,181993,30,37,24,21,26,18
IOT,사물인터넷,BI0014,번호이동 서비스,US0014,PORT001,R002,20250401,20250630,2025-06-01,397,401,400,5927.15,6759.56,6536.14,2353076,2710583,2614454,2389204,2776178,2838497,105808,201667,186007,13,16,14,12,10,16
FX,유선,BI0015,컬러링 서비스,US0015,ADDON001,R005,20250401,20250630,2025-06-01,1992,1865,2086,4168.79,4453.03,4708.56,8304228,8304908,9822047,9178198,8851873,9761338,546280,142698,142805,56,44,65,16,19,23
IS,인터넷서비스,BI0016,M2M 통신료,US0016,M2M001,R004,20250401,20250630,2025-06-01,450,432,432,6105.23,6799.5,6946.3,2747353,2937384,3000801,2729269,3152182,3060868,170520,141644,223279,16,13,13,4,2,2
BC,방송서비스,BI0017,5G 프리미엄 월정액,US0017,DATA001,R005,20250401,20250630,2025-06-01,3144,3346,3035,53650.78,52415.94,50843.8,168678037,175383725,154310937,171644828,179432857,160506702,1170787,6315362,3337657,31,35,33,37,51,26
EN,기업솔루션,BI0018,스마트홈 연결료,US0018,HOME001,R002,20250401,20250630,2025-06-01,150,154,145,3281.87,2990.84,3588.3,492281,460588,1351687,496202,493280,1454397,9317,2495,6002,1,1,1,2,1,2
EN,기업솔루션,BI0019,보안솔루션 월정액,US0019,SEC002,R002,20250401,20250630,2025-06-01,1077,1026,1160,8460.15,8145.7,8193.79,9111577,8357491,9504796,9907089,8455185,9339965,241131,233233,30011,49,51,43,40,45,28
IOT,사물인터넷,BI0020,의료진 전용 서비스,US0020,MED001,R005,20250401,20250630,2025-06-01,346,351,345,6843.34,6733.03,7417.61,2367797,2363292,2559074,2568996,2467889,2865923,184076,31460,139652,14,13,17,10,13,13
FX,유선,BI0021,안심귀가 서비스,US0021,SAFE001,R002,20250401,20250630,2025-06-01,1082,1020,1107,2187.1,2177.18,2336.07,2366438,2220728,2586027,2416678,2275468,2771593,135477,119256,167320,40,40,50,22,24,25
IS,인터넷서비스,BI0022,물류 추적 서비스,US0022,TRACK001,R006,20250401,20250630,2025-06-01,1081,1057,1040,5097.63,4780.56,5040.73,5510543,5053050,5242356,5569193,5098459,5809988,291852,357921,59047,33,26,40,28,21,41
EN,기업솔루션,BI0023,부가통화 사용료,US0023,VOICE102,R002,20250401,20250630,2025-06-01,4921,5172,5291,8299.1,8209.16,8270.54,40839859,42457758,43759408,42241664,42785431,47178604,2217504,381631,390722,69,81,78,172,240,149
FX,유선,BI0024,기업 전용선 월정액,US0024,CORP001,R008,20250401,20250630,2025-06-01,174,162,171,130723.1,131671.0,128476.24,22745820,21330702,21969436,23559191,21814610,23053454,239415,804741,269137,4,4,3,2,2,1
MB,모바일,BI0025,교육용 태블릿 월정액,US0025,EDU001,R006,20250401,20250630,2025-06-01,450,424,479,4184.92,4156.93,4759.08,1883215,1762540,2279598,1970600,1814592,2333020,64804,4642,106186,19,18,26,7,8,6
FX,유선,BI0026,VPN 서비스 월정액,US0026,VPN001,R008,20250401,20250630,2025-06-01,205,210,204,92002.86,95888.74,97459.12,18860586,20136636,19881659,19790219,19775570,20069681,995320,1464840,1030737,5,4,5,5,5,6
EN,기업솔루션,BI0027,택시 호출 서비스,US0027,TAXI001,R006,20250401,20250630,2025-06-01,1194,1146,1306,6553.41,6238.54,6833.6,7824766,7149368,8924679,8483652,7131565,9221932,112299,540680,166631,54,69,68,23,16,33
BC,방송서비스,BI0028,초과 데이터 사용료,US0028,DATA102,R002,20250401,20250630,2025-06-01,4814,4724,4724,6504.64,6204.56,6807.42,31313336,29310348,32158228,34598533,28844751,31965978,654285,216821,2422576,204,145,210,53,50,73
FX,유선,BI0029,안심귀가 서비스,US0029,SAFE001,R002,20250401,20250630,2025-06-01,1014,1040,1100,5001.82,5238.8,5954.23,5071843,5448347,14750612,5630737,5673894,15163989,126919,377055,30132,10,10,12,10,8,10
MB,모바일,BI0030,태블릿 전용 월정액,US0030,DATA003,R005,20250401,20250630,2025-06-01,3948,4185,4046,4121.4,3747.33,4347.22,16271281,15682595,17588839,17488994,15769559,18387149,225412,1209305,980102,106,91,101,74,45,95
MB,모바일,BI0031,SMS 사용료,US0031,MSG001,R007,20250401,20250630,2025-06-01,1058,1017,1074,3660.49,3653.03,3885.02,3872793,3715130,4172511,3818827,3919346,4602376,111954,24098,14980,27,19,31,11,7,13
BC,방송서비스,BI0032,번호이동 서비스,US0032,PORT001,R007,20250401,20250630,2025-06-01,288,294,321,7271.16,7151.43,8054.9,2094094,2102519,2585624,2244621,2114401,2733841,53706,151551,160321,10,12,11,2,2,2
IOT,사물인터넷,BI0033,공공 WiFi 서비스,US0033,WIFI001,R008,20250401,20250630,2025-06-01,184,184,202,6697.6,6729.03,7508.28,1232358,1238142,4005310,1309279,1299076,4204824,98389,10793,186576,6,4,5,3,2,3
IS,인터넷서비스,BI0034,시니어 안심 월정액,US0034,VOICE003,R001,20250401,20250630,2025-06-01,4355,4549,4855,1304.07,1471.37,1527.8,5679225,6693271,7417474,5626278,6639763,7888839,442575,146802,199521,149,182,144,81,60,101
EN,기업솔루션,BI0035,클라우드 연결 서비스,US0035,CLOUD002,R007,20250401,20250630,2025-06-01,835,844,890,6889.73,7417.33,7262.99,5752924,6260229,6464061,6143099,6142189,7143697,38377,475639,184391,36,29,36,5,5,6
FX,유선,BI0036,부가통화 사용료,US0036,VOICE102,R005,20250401,20250630,2025-06-01,2010,1909,1982,6895.04,6405.49,7306.31,13859037,12228089,14481103,14018997,12680219,14341479,224114,712401,28479,55,71,45,22,29,27
FX,유선,BI0037,스마트미터 서비스,US0037,METER001,R006,20250401,20250630,2025-06-01,431,407,448,6804.83,6365.71,7043.75,2932881,2590844,3155601,2969202,2862906,3377882,121099,12191,224535,20,23,24,4,3,4
EN,기업솔루션,BI0038,로밍 데이터 사용료,US0038,ROAM001,R001,20250401,20250630,2025-06-01,986,935,1020,8505.57,8080.18,8183.36,8386495,7554965,8347025,8910224,8319954,8184859,60121,481387,133812,58,71,79,22,28,22
BC,방송서비스,BI0039,통화대기 서비스,US0039,ADDON002,R005,20250401,20250630,2025-06-01,369,372,381,3171.9,2980.08,3278.1,1170432,1108590,1248956,1235856,1103591,1349515,58501,24841,10174,14,15,16,13,8,11
MB,모바일,BI0040,영상통화 사용료,US0040,VIDEO001,R004,20250401,20250630,2025-06-01,1187,1180,1197,3414.19,3662.96,3789.8,4052645,4322290,4536390,4477992,4570883,4558140,197589,196890,113939,44,48,46,28,28,31
FX,유선,BI0041,통화대기 서비스,US0041,ADDON002,R007,20250401,20250630,2025-06-01,730,776,738,2774.14,3074.46,2957.36,2025119,2385780,2182534,2173960,2483871,2398258,134287,57407,170771,26,24,26,23,31,30
IS,인터넷서비스,BI0042,데이터 사용료,US0042,DATA101,R004,20250401,20250630,2025-06-01,1505,1567,1598,14380.27,15333.36,15233.6,21642312,24027375,24343296,22330729,25354835,25663494,1348065,101524,1519502,53,67,70,16,20,12
IOT,사물인터넷,BI0043,스마트미터 서비스,US0043,METER001,R007,20250401,20250630,2025-06-01,156,146,167,2541.41,2631.72,2831.7,396459,384231,472893,407588,429028,523885,12337,14959,27405,7,5,9,3,2,2
FX,유선,BI0044,통화대기 서비스,US0044,ADDON002,R004,20250401,20250630,2025-06-01,1892,1924,2058,1296.48,1264.89,1357.81,2452941,2433638,2794382,2526692,2488189,2786732,158526,9068,142700,100,113,139,64,67,88
IS,인터넷서비스,BI0045,로밍 데이터 사용료,US0045,ROAM001,R004,20250401,20250630,2025-06-01,566,570,567,25110.12,25178.47,29424.97,14212326,14351726,16683958,14819328,15648609,18647411,1046712,1135630,866559,6,4,6,10,12,11
IS,인터넷서비스,BI0046,국제통화 사용료,US0046,INTL001,R007,20250401,20250630,2025-06-01,1168,1105,1279,29445.22,28480.34,30390.13,34392017,31470770,15925860,38347228,34491470,16526884,2697481,1948882,1176054,37,34,51,22,29,23
MB,모바일,BI0047,물류 추적 서비스,US0047,TRACK001,R005,20250401,20250630,2025-06-01,638,647,658,7502.54,7110.78,7821.54,4786620,4600673,5146573,4802738,5130601,5297089,95985,281070,44712,28,33,25,14,13,12
BC,방송서비스,BI0048,날씨 알림 서비스,US0048,WEATHER001,R006,20250401,20250630,2025-06-01,956,918,937,6242.8,6459.2,6667.97,5968116,5929547,6247887,6473250,6358116,6280101,266199,67962,299693,37,45,34,7,7,8
MB,모바일,BI0049,통화녹음 서비스,US0049,ADDON005,R007,20250401,20250630,2025-06-01,582,587,590,5515.65,5969.75,5967.22,3210106,3504242,3520658,3541953,3674432,3744450,240665,95184,111243,32,31,27,15,14,12
IS,인터넷서비스,BI0050,음성사서함 서비스,US0050,ADDON003,R005,20250401,20250630,2025-06-01,971,1003,942,7297.65,7099.51,7156.08,7086015,7120810,6741024,7304265,7788531,7239845,508225,279678,22363,46,51,39,14,11,20
IOT,사물인터넷,BI0051,물류 추적 서비스,US0051,TRACK001,R003,20250401,20250630,2025-06-01,416,440,421,5833.46,5694.54,6310.05,2426718,2505597,2656529,2510411,2591689,2930814,111437,55379,20744,7,6,6,11,10,14
IS,인터넷서비스,BI0052,스팸차단 서비스,US0052,SEC001,R008,20250401,20250630,2025-06-01,882,917,960,3544.77,3672.76,4098.54,3126484,3367919,3934595,3144483,3375004,4157940,147565,165070,256136,10,8,12,28,29,33
IOT,사물인터넷,BI0053,LTE 무제한 월정액,US0053,VOICE001,R006,20250401,20250630,2025-06-01,3930,4151,3769,59666.59,54915.66,63379.61,234489716,227954900,238877732,231808863,231739168,267517362,4890147,13454569,17193154,47,35,50,152,113,112
BC,방송서비스,BI0054,태블릿 전용 월정액,US0054,DATA003,R002,20250401,20250630,2025-06-01,2027,2039,2196,3152.96,3328.21,3693.89,6391057,6786216,8111777,6728769,7509102,8127619,75272,92954,122861,117,121,101,80,56,92
MB,모바일,BI0055,번역 서비스,US0055,TRANS001,R005,20250401,20250630,2025-06-01,363,343,385,3209.91,3472.49,3756.94,1165196,1191062,1446421,1254919,1170105,1483885,3435,51313,70558,13,15,16,8,5,7
BC,방송서비스,BI0056,서버 호스팅 서비스,US0056,HOST001,R005,20250401,20250630,2025-06-01,558,555,550,997.78,1060.71,1095.25,556760,588692,328145,612700,578465,364536,4941,38657,6120,32,22,43,16,15,21
IS,인터넷서비스,BI0057,사무실 인터넷 월정액,US0057,NET001,R001,20250401,20250630,2025-06-01,1115,1137,1189,4479.02,4459.23,4447.02,4994112,5070145,5287501,5417878,5088254,5320055,193685,39928,218340,32,31,25,39,27,27
IS,인터넷서비스,BI0058,스팸차단 서비스,US0058,SEC001,R008,20250401,20250630,2025-06-01,273,274,301,4801.32,4482.72,4698.5,1310759,1228264,1414249,1414823,1331823,1473019,55742,13519,46573,8,6,7,3,2,3
IOT,사물인터넷,BI0059,안심귀가 서비스,US0059,SAFE001,R005,20250401,20250630,2025-06-01,1105,1095,1122,1256.14,1253.9,1197.58,1388031,1373021,1343685,1363421,1477373,1362244,14010,83069,63154,64,57,52,26,23,20
IOT,사물인터넷,BI0060,배달 서비스 연동,US0060,DELIV001,R004,20250401,20250630,2025-06-01,731,774,769,7480.35,7713.23,7760.27,5468136,5970039,9636749,5787340,5987334,10188950,62368,261630,670368,14,14,12,18,12,17
FX,유선,BI0061,부가통화 사용료,US0061,VOICE102,R008,20250401,20250630,2025-06-01,859,886,914,2861.06,3051.4,3291.44,2457651,2703539,3008376,2569157,2693293,3062121,14993,179551,89160,16,12,17,27,19,30
IOT,사물인터넷,BI0062,물류 추적 서비스,US0062,TRACK001,R004,20250401,20250630,2025-06-01,537,506,590,3135.36,3175.67,3283.13,1683689,1606889,1937045,1848091,1633505,2123342,401,81137,80898,23,17,19,18,17,15
IS,인터넷서비스,BI0063,스마트 워치 월정액,US0063,IOT001,R001,20250401,20250630,2025-06-01,691,689,751,9344.24,8951.15,10470.07,6456872,6167341,7863021,6802285,6295242,8224398,386882,267401,285878,21,22,26,26,23,34
IOT,사물인터넷,BI0064,클라우드 연결 서비스,US0064,CLOUD002,R001,20250401,20250630,2025-06-01,907,953,875,4127.79,4127.42,4395.22,3743902,3933429,3845817,3997204,4330547,3955677,232401,55288,208879,34,34,28,34,37,48
IOT,사물인터넷,BI0065,M2M 통신료,US0065,M2M001,R008,20250401,20250630,2025-06-01,411,430,432,11660.89,10521.61,10693.03,4792627,4524292,4619386,4778615,4582162,4748415,285811,313484,15650,14,13,13,8,9,9
IS,인터넷서비스,BI0066,스마트미터 서비스,US0066,METER001,R006,20250401,20250630,2025-06-01,775,780,809,1381.93,1338.44,1317.63,1070994,1043986,1065960,1097076,1110660,1122074,4197,25018,17579,35,27,39,26,23,23
MB,모바일,BI0067,보안카메라 연결료,US0067,CAM001,R006,20250401,20250630,2025-06-01,764,779,838,1712.0,1699.45,1953.18,1307969,1323867,1636768,1316397,1345061,1616993,18055,86212,106736,41,46,39,14,9,9
EN,기업솔루션,BI0068,공공 WiFi 서비스,US0068,WIFI001,R004,20250401,20250630,2025-06-01,424,452,464,3925.21,3824.25,4184.7,1664290,1728562,1941698,1702201,1874687,1950652,89200,117556,81653,5,6,5,5,3,4
EN,기업솔루션,BI0069,산업용 IoT 월정액,US0069,IOT003,R002,20250401,20250630,2025-06-01,449,441,427,5444.24,5304.63,5530.55,2444464,2339340,2361543,2621358,2512183,2470960,51532,27619,162179,7,5,6,15,11,19
IOT,사물인터넷,BI0070,음성통화 사용료,US0070,VOICE101,R004,20250401,20250630,2025-06-01,2067,1950,2257,4684.97,4605.85,4576.13,9683838,8981414,10328318,10253706,9608014,11223909,302204,370860,443301,108,110,104,10,7,13
IOT,사물인터넷,BI0071,번호이동 서비스,US0071,PORT001,R001,20250401,20250630,2025-06-01,357,334,366,6515.72,6163.04,6900.77,2326112,2058456,2525681,2495383,2300779,2679510,483,105279,171849,5,5,6,3,2,3
IS,인터넷서비스,BI0072,스마트미터 서비스,US0072,METER001,R001,20250401,20250630,2025-06-01,215,202,233,2052.01,2183.79,2196.98,441183,441126,511896,456740,464443,507296,7137,26635,37187,4,4,5,8,6,8
IOT,사물인터넷,BI0073,번호이동 서비스,US0073,PORT001,R007,20250401,20250630,2025-06-01,357,379,353,7006.82,7171.77,7947.33,2501434,2718101,2805407,2685494,2932581,2867817,172195,203325,152703,13,15,15,10,7,8
BC,방송서비스,BI0074,재난안전 서비스,US0074,EMRG001,R003,20250401,20250630,2025-06-01,569,588,629,3721.06,3739.34,4012.57,2117281,2198731,2523907,2143986,2269271,2820689,38479,39016,39604,33,24,43,4,5,4
IS,인터넷서비스,BI0075,통화대기 서비스,US0075,ADDON002,R008,20250401,20250630,2025-06-01,1180,1181,1229,4799.81,5234.25,5615.54,5663778,6181649,6901495,5771819,6242189,7023245,14522,92332,208647,33,26,46,45,46,43
BC,방송서비스,BI0076,부가통화 사용료,US0076,VOICE102,R004,20250401,20250630,2025-06-01,1432,1341,1365,7598.23,8003.05,8992.81,10880669,10732084,12275189,12017892,11186988,12179867,398612,22277,963018,18,20,20,53,34,38
IOT,사물인터넷,BI0077,MMS 사용료,US0077,MSG002,R004,20250401,20250630,2025-06-01,873,909,949,7223.62,6507.41,6597.31,6306223,5915234,3099119,6747665,6424639,3210081,130190,371178,114196,37,40,31,8,9,11
FX,유선,BI0078,관광 안내 서비스,US0078,TOUR001,R005,20250401,20250630,2025-06-01,327,324,333,7311.78,6479.6,7715.85,2390951,2099389,5374771,2424528,2191126,5532993,141048,52654,208221,14,16,15,6,4,4
EN,기업솔루션,BI0079,응급신고 서비스,US0079,EMRG002,R005,20250401,20250630,2025-06-01,936,952,1018,2247.32,2115.71,2228.59,2103487,2014154,5496387,2216486,2145066,5431704,77784,140880,35225,50,54,62,5,6,3
EN,기업솔루션,BI0080,5G 프리미엄 월정액,US0080,DATA001,R003,20250401,20250630,2025-06-01,3788,3739,4020,57099.41,55930.78,64135.42,216292556,209125183,257824408,212092900,208898408,274453579,4143452,3460524,17467307,97,96,122,99,65,83
EN,기업솔루션,BI0081,드론 통신 서비스,US0081,DRONE001,R003,20250401,20250630,2025-06-01,1073,1110,1114,1805.35,1916.39,2121.12,1937137,2127189,4237207,2019329,2231623,4431708,54687,62405,271813,41,46,36,25,23,22
FX,유선,BI0082,기업 전용선 월정액,US0082,CORP001,R008,20250401,20250630,2025-06-01,345,345,330,95189.01,104683.03,105932.71,32840209,36115644,34957793,32700068,39567950,38610384,73136,1463554,289712,8,5,9,10,9,8
EN,기업솔루션,BI0083,사무실 인터넷 월정액,US0083,NET001,R002,20250401,20250630,2025-04-01,984,980,953,5763.02,6085.72,6536.19,5670811,5964006,6228988,5624574,6520007,6271928,220371,129554,392617,25,21,23,23,20,24
MB,모바일,BI0084,스마트 워치 월정액,US0084,IOT001,R005,20250401,20250630,2025-06-01,1280,1339,1282,3730.87,3580.1,3473.8,4775514,4793747,4453413,5036441,4905434,4724534,54428,272532,148815,69,86,82,11,15,16
MB,모바일,BI0085,기업 전용선 월정액,US0085,CORP001,R007,20250401,20250630,2025-05-01,492,500,549,83332.97,78592.23,81844.55,40999821,39296116,44932658,43321913,43756817,49132558,477245,2066379,2316375,21,23,28,11,8,14
BC,방송서비스,BI0086,방화벽 서비스,US0086,FW001,R001,20250401,20250630,2025-04-01,581,547,629,6349.63,6293.43,7619.58,3689134,3442504,4792715,3871116,3841688,5305742,132359,115693,134247,11,12,12,18,11,13
EN,기업솔루션,BI0087,VPN 서비스 월정액,US0087,VPN001,R002,20250401,20250630,2025-06-01,328,307,353,132661.64,134400.8,141825.86,43513016,41261046,50064527,48210175,42100648,53445058,2608106,431186,398922,16,12,14,7,7,5
FX,유선,BI0088,MMS 사용료,US0088,MSG002,R003,20250401,20250630,2025-04-01,978,957,1033,7395.89,7170.67,7605.7,7233179,6862329,7856686,7530777,7247791,8631039,390309,206684,26051,31,22,26,19,12,15
BC,방송서비스,BI0089,택시 호출 서비스,US0089,TAXI001,R007,20250401,20250630,2025-06-01,483,455,504,2816.99,3121.87,3106.82,1360608,1420451,1565839,1393914,1506196,1538724,69041,6939,112427,24,18,19,9,10,11
EN,기업솔루션,BI0090,국제 SMS 사용료,US0090,INTL002,R008,20250401,20250630,2025-04-01,533,503,539,28058.45,27757.4,26178.36,14955153,13961974,14110135,16427367,14898800,13845236,22940,134421,724045,18,15,17,7,9,7
IOT,사물인터넷,BI0091,서버 호스팅 서비스,US0091,HOST001,R008,20250401,20250630,2025-04-01,1148,1125,1104,5105.92,5201.01,4891.33,5861593,5851132,14594624,5945062,5890570,14421152,336141,302223,722310,35,30,28,6,4,6
IOT,사물인터넷,BI0092,LTE 무제한 월정액,US0092,VOICE001,R007,20250401,20250630,2025-06-01,1421,1457,1479,41583.4,40607.08,46307.85,59090015,59164522,113773344,64067183,60011120,114471822,4082778,2759038,5217047,42,48,38,24,14,29
IS,인터넷서비스,BI0093,스마트미터 서비스,US0093,METER001,R005,20250401,20250630,2025-04-01,859,815,881,1377.78,1469.17,1436.23,1183509,1197373,1265316,1285720,1267993,1399570,4990,89750,23729,30,33,34,9,11,11
EN,기업솔루션,BI0094,영상회의 서비스,US0094,CONF001,R004,20250401,20250630,2025-05-01,1149,1070,1190,1312.74,1357.63,1421.65,1508338,1452666,1691762,1687858,1601691,1878474,82942,25007,42613,23,21,24,33,41,27
BC,방송서비스,BI0095,데이터 사용료,US0095,DATA101,R007,20250401,20250630,2025-04-01,1812,1762,1735,14694.76,13298.52,15610.89,26626901,23431998,27084890,29482462,25321674,27112474,1340974,1252302,1532708,30,34,31,31,24,45
EN,기업솔루션,BI0096,클라우드 백업 서비스,US0096,CLOUD001,R004,20250401,20250630,2025-04-01,652,696,684,4637.73,4831.09,4643.86,3023796,3362436,3176397,2989166,3729582,3119184,165285,58959,134263,19,14,16,14,12,13
BC,방송서비스,BI0097,배달 서비스 연동,US0097,DELIV001,R001,20250401,20250630,2025-04-01,1080,1121,1060,7906.91,7333.32,7684.95,8539464,8220647,8146050,9329488,8331722,8420001,584574,17960,222622,58,43,74,7,4,5
IS,인터넷서비스,BI0098,기업전용 패키지 월정액,US0098,BUSI001,R007,20250401,20250630,2025-05-01,685,706,694,47494.82,47570.43,51446.0,32533949,33584721,35703527,34210748,34395170,36033274,1253187,938656,637240,40,40,45,19,16,15
EN,기업솔루션,BI0099,음성사서함 서비스,US0099,ADDON003,R004,20250401,20250630,2025-04-01,647,672,631,5258.24,4937.67,5380.5,3402083,3318111,3395092,3462493,3349119,3397874,107003,143436,52616,15,15,14,19,18,28
IOT,사물인터넷,BI0100,IoT 센서 월정액,US0100,IOT002,R004,20250401,20250630,2025-06-01,1003,1031,1075,7667.58,7976.52,8088.14,7690580,8223796,8694753,8461933,9139714,9561877,407909,281656,472812,47,44,63,7,9,4
IS,인터넷서비스,BI0101,관광 안내 서비스,US0101,TOUR001,R001,20250401,20250630,2025-06-01,866,867,874,3939.38,4374.09,4634.05,3411504,3792332,10650383,3669693,3938344,11887971,72851,137018,395835,31,38,33,27,22,19
BC,방송서비스,BI0102,스마트 워치 월정액,US0102,IOT001,R008,20250401,20250630,2025-06-01,1288,1259,1287,7287.23,7208.57,7685.05,9385956,9075590,9890661,10260995,9674020,10570488,553178,503791,168826,38,28,35,49,58,47
BC,방송서비스,BI0103,물류 추적 서비스,US0103,TRACK001,R008,20250401,20250630,2025-06-01,413,423,393,5867.05,6173.0,6130.15,2423089,2611177,2409148,2488593,2855035,2500541,8298,155878,28969,6,5,7,2,1,2
IS,인터넷서비스,BI0104,안심귀가 서비스,US0104,SAFE001,R003,20250401,20250630,2025-06-01,629,667,605,4424.19,4509.63,4409.52,2782817,3007923,2667758,2977238,3072580,2638403,192132,170978,9916,14,12,18,8,10,9
IS,인터넷서비스,BI0105,기업 전용선 월정액,US0105,CORP001,R004,20250401,20250630,2025-06-01,741,772,807,108213.62,109265.85,113396.06,80186295,84353233,91510618,82457051,85182638,95879474,6283195,2883192,252970,23,28,23,24,26,28
EN,기업솔루션,BI0106,국제 SMS 사용료,US0106,INTL002,R002,20250401,20250630,2025-06-01,170,170,181,11015.87,10771.92,11466.64,1872698,1831226,2075461,2072108,1822080,2157338,13858,119896,1013,7,7,8,4,4,5
IS,인터넷서비스,BI0107,통화대기 서비스,US0107,ADDON002,R008,20250401,20250630,2025-06-01,1151,1209,1129,6531.69,6697.18,6645.0,7517976,8096893,7502206,7663975,8534624,8054110,47565,154977,409090,27,22,25,27,36,28
EN,기업솔루션,BI0108,키즈폰 안심 월정액,US0108,VOICE004,R001,20250401,20250630,2025-06-01,2902,2798,2804,5851.72,5928.04,5606.38,16981699,16586652,15720293,18564479,17370636,17133811,262158,374299,970638,171,214,190,23,23,34
IS,인터넷서비스,BI0109,번호이동 서비스,US0109,PORT001,R007,20250401,20250630,2025-06-01,1072,1138,1124,4002.62,3786.62,4370.4,4290810,4309173,4912329,4269561,4543385,4859915,60113,96731,289753,26,32,21,33,32,38
IOT,사물인터넷,BI0110,번역 서비스,US0110,TRANS001,R008,20250401,20250630,2025-06-01,553,582,579,6808.56,6965.06,7251.95,3765133,4053662,10202015,4029074,4501988,10694709,6855,93999,114012,15,10,18,10,12,8
FX,유선,BI0111,VPN 서비스 월정액,US0111,VPN001,R008,20250401,20250630,2025-06-01,869,895,929,103991.75,104157.76,108520.15,90368829,93221190,100815219,99537339,93212782,110851739,1473392,2325919,5563035,16,15,16,26,33,29
EN,기업솔루션,BI0112,IoT 센서 월정액,US0112,IOT002,R001,20250401,20250630,2025-06-01,784,766,782,8389.91,8258.24,8422.25,6577687,6325810,6586196,6906171,6491454,6947050,144642,375888,65206,37,26,32,19,19,15
FX,유선,BI0113,가족 무제한 월정액,US0113,VOICE002,R008,20250401,20250630,2025-06-01,2759,2692,2943,37682.53,40705.05,41748.03,103966101,109578005,122864445,105305055,119215608,125749706,4959393,8151679,6621860,31,25,43,71,63,101
EN,기업솔루션,BI0114,산업용 IoT 월정액,US0114,IOT003,R004,20250401,20250630,2025-06-01,1000,1067,1076,11545.99,11809.86,10773.06,11545994,12601115,11591817,12468192,13421326,11926390,11787,351977,13842,57,53,67,10,10,9
IS,인터넷서비스,BI0115,부가통화 사용료,US0115,VOICE102,R007,20250401,20250630,2025-06-01,4828,4829,4937,3261.07,3317.11,3541.46,15744440,16018329,17484165,17275835,16457279,18905718,223362,434306,504497,217,213,268,82,67,63
EN,기업솔루션,BI0116,기업전용 패키지 월정액,US0116,BUSI001,R005,20250401,20250630,2025-06-01,520,491,495,80271.35,77093.29,79523.76,41741103,37852804,39364258,42867466,41414428,42445462,2632940,2834961,185712,28,31,39,19,23,16
IS,인터넷서비스,BI0117,드론 통신 서비스,US0117,DRONE001,R008,20250401,20250630,2025-06-01,409,385,443,4531.51,5042.42,4846.66,1853389,1941331,2147070,1872083,1979679,2367452,85669,12635,11919,13,14,16,7,6,8
IS,인터넷서비스,BI0118,영상통화 사용료,US0118,VIDEO001,R006,20250401,20250630,2025-06-01,368,354,366,6160.49,5676.91,6408.64,2267060,2009624,2345563,2254433,2003484,2550080,41872,42951,2061,19,16,15,7,5,10
IOT,사물인터넷,BI0119,IoT 센서 월정액,US0119,IOT002,R007,20250401,20250630,2025-06-01,849,906,884,9195.74,8632.19,9810.03,7807184,7820765,8672067,8368642,7929218,8664339,287715,348180,499648,45,50,49,22,24,20
MB,모바일,BI0120,비즈니스 프로 월정액,US0120,BUSI002,R006,20250401,20250630,2025-06-01,759,747,804,52693.62,55576.46,53480.44,39994458,41515614,42998275,43417005,44020553,48002704,1097807,3136273,381657,30,29,36,14,18,20
IS,인터넷서비스,BI0121,서버 호스팅 서비스,US0121,HOST001,R006,20250401,20250630,2025-06-01,1069,1100,1094,3075.26,3068.49,3459.1,3287450,3375341,3784260,3399484,3350263,3916463,115210,107364,207497,41,35,54,28,36,37
BC,방송서비스,BI0122,기업 전용선 월정액,US0122,CORP001,R005,20250401,20250630,2025-06-01,292,300,323,113449.44,113253.52,128070.66,33127236,33976057,102559091,32762020,33408705,102659173,1400018,876895,4792881,14,10,13,2,1,2
MB,모바일,BI0123,방화벽 서비스,US0123,FW001,R001,20250401,20250630,2025-06-01,993,986,993,3438.25,3670.5,3725.98,3414178,3619115,7974930,3542151,3885761,7830625,145642,165159,564411,41,50,55,19,20,28
FX,유선,BI0124,데이터 사용료,US0124,DATA101,R006,20250401,20250630,2025-06-01,4805,4583,4718,14290.23,14096.29,13800.45,68664552,64603294,105621825,70534581,68733585,116496449,1993437,749191,4425389,264,294,302,186,127,156
MB,모바일,BI0125,스마트미터 서비스,US0125,METER001,R002,20250401,20250630,2025-06-01,822,837,918,4406.06,4535.07,4759.65,3621781,3795854,4369356,4042755,4118790,4810624,189381,18884,236407,14,12,13,5,6,4
EN,기업솔루션,BI0126,드론 통신 서비스,US0126,DRONE001,R001,20250401,20250630,2025-06-01,1070,1075,1036,4626.26,4473.07,5285.42,4950097,4808554,5475694,5344036,4860786,5625733,70987,288822,128698,34,30,43,29,24,32
IS,인터넷서비스,BI0127,국제 SMS 사용료,US0127,INTL002,R004,20250401,20250630,2025-06-01,927,922,1025,17041.86,18593.59,17300.2,15797806,17143288,17732704,16495463,17399234,18871512,854518,1284545,1327843,36,42,34,13,16,13
IS,인터넷서비스,BI0128,방화벽 서비스,US0128,FW001,R004,20250401,20250630,2025-06-01,1145,1106,1246,6120.55,6484.01,6580.66,7008029,7171317,8199497,7679269,7308490,8141202,186328,25036,636395,68,69,64,44,39,37
FX,유선,BI0129,LTE 무제한 월정액,US0129,VOICE001,R007,20250401,20250630,2025-06-01,3959,3917,4218,34955.94,35360.67,35262.42,138390550,138507739,229116576,149073665,141474035,231716099,3154232,9772783,7139394,225,200,207,93,57,65
BC,방송서비스,BI0130,컬러링 서비스,US0130,ADDON001,R007,20250401,20250630,2025-06-01,437,414,424,4623.53,4978.34,4626.0,2020484,2061030,1961424,2080758,2120155,2164242,9432,30540,109721,23,22,22,5,6,3
EN,기업솔루션,BI0131,스마트홈 연결료,US0131,HOME001,R008,20250401,20250630,2025-06-01,246,244,271,3185.31,3484.55,3218.71,783586,850229,1939506,793884,882744,1952347,25583,44555,77202,2,2,1,1,0,1
IS,인터넷서비스,BI0132,사무실 인터넷 월정액,US0132,NET001,R002,20250401,20250630,2025-06-01,910,967,966,5281.78,4810.59,5118.85,4806418,4651839,4944807,5052972,4576588,4869339,157282,17969,39886,16,14,17,14,14,20
BC,방송서비스,BI0133,가족 무제한 월정액,US0133,VOICE002,R001,20250401,20250630,2025-06-01,3713,3904,3790,58649.66,56849.86,58933.07,217766201,221941853,223356338,223990305,229879682,230864273,7644506,8796268,13991969,158,197,147,125,137,97
BC,방송서비스,BI0134,통화대기 서비스,US0134,ADDON002,R007,20250401,20250630,2025-06-01,1737,1819,1821,6851.37,6334.23,6223.61,11900836,11521963,11333185,12778426,11465850,12358640,577286,614160,161080,52,41,69,61,79,72
MB,모바일,BI0135,LTE 무제한 월정액,US0135,VOICE001,R007,20250401,20250630,2025-06-01,1864,1882,1871,43079.5,40601.17,45927.64,80300180,76411405,85930616,88631823,81605104,94943753,5154689,2642395,3782002,53,63,66,23,31,33
